data-page-selector,name_0,text_1
https://www.zazzle.com/lady_bugs_wildflowers_girls_birthday_party_invitation-256040052041794960,Lady Bugs + Wildflowers Girls Birthday Party Invitation,692 people viewed this design
https://www.zazzle.com/ladybug_birthday_invitation_lady_love_bug_invite-256852228043139379,"Ladybug Birthday Invitation, Lady Love Bug Invite",2.4K people viewed this design
https://www.zazzle.com/nature_insect_bugs_birthday_photo_thank_you_card-256835041656473521,Nature Insect Bugs Birthday Photo Thank You Card,30 people viewed this design
https://www.zazzle.com/ladybug_alphabet_letter_kids_2nd_birthday_invitation-256238469555103495,Ladybug Alphabet Letter Kids 2nd Birthday  Invitation,38 people viewed this design
https://www.zazzle.com/kids_garden_party_nature_trail_cute_birthday_invitation-256978044902135996,Kids Garden Party Nature Trail Cute Birthday Invitation,1.3K people viewed this design
https://www.zazzle.com/nature_insect_bugs_birthday_party_invitation-256336482541779327,Nature Insect Bugs Birthday Party  Invitation,54 people viewed this design
https://www.zazzle.com/little_ladybug_birthday_invitation-256739405654701982,Little Ladybug Birthday Invitation,64 people viewed this design
https://www.zazzle.com/miraculous_ladybug_girls_birthday_invitation-256697727539390275,Miraculous Ladybug Girl's Birthday Invitation,1.2K people viewed this design
https://www.zazzle.com/ladybug_first_birthday_invitation_in_pink-256196575254055027,Ladybug first birthday invitation in pink,158 people viewed this design
https://www.zazzle.com/ladybug_1st_birthday_party_invitation-256507337854044632,Ladybug 1st Birthday Party Invitation,50 people viewed this design
https://www.zazzle.com/elegant_gold_watercolor_ladybug_1st_birthday_party_invitation-256819653359868539,Elegant Gold Watercolor Ladybug 1st Birthday Party Invitation,123 people viewed this design
https://www.zazzle.com/girls_ladybug_1st_birthday_party_invitations-256403190591823180,Girls Ladybug 1st Birthday Party Invitations,353 people viewed this design
https://www.zazzle.com/our_little_lady_girl_lady_bug_1st_birthday_party_invitation-256200315856852351,Our Little Lady Girl Lady Bug 1st Birthday Party Invitation,212 people viewed this design
https://www.zazzle.com/girl_froggy_frog_birthday_invitation_photo_pond-161055384822880093,Girl Froggy/FROG birthday invitation (photo) pond,563 people viewed this design
https://www.zazzle.com/sweet_16_ladybug_birthday_party_invitation-161444463869098424,Sweet 16 Ladybug Birthday Party Invitation,122 people viewed this design
https://www.zazzle.com/monarch_butterfly_birthday_invitation-256655352172781095,Monarch Butterfly Birthday Invitation,43 people viewed this design
https://www.zazzle.com/red_ladybug_childrens_birthday_party_detail_invitation-256103337805119760,Red Ladybug Children's Birthday Party Detail Invitation,53 people viewed this design
https://www.zazzle.com/adorable_little_lady_ladybug_1st_birthday_invitation-256290654143676957,Adorable Little Lady Ladybug 1st Birthday Invitation,481 people viewed this design
https://www.zazzle.com/ladybug_1st_baby_girl_birthday_invitation-256901928778587816,Ladybug 1st Baby Girl Birthday Invitation,1.2K people viewed this design
https://www.zazzle.com/ladybug_red_and_black_polka_dot_birthday_invitation-256149694568766400,Ladybug Red and Black Polka Dot Birthday Invitation,375 people viewed this design
https://www.zazzle.com/ladybug_and_daisies_floral_feminine_birthday_invitation_postcard-256745073137456039,Ladybug and daisies floral feminine birthday  invitation postcard,41 people viewed this design
https://www.zazzle.com/little_love_bug_ladybug_kids_1st_birthday_photo_in_invitation-256040215013827479,Little Love Bug Ladybug Kids 1st Birthday Photo In Invitation,257 people viewed this design
https://www.zazzle.com/lady_bug_5th_birthday_party_invitation-256458326860619963,Lady Bug 5th Birthday Party Invitation,264 people viewed this design
https://www.zazzle.com/floral_red_pink_our_little_ladybug_1st_birthday_invitation-256957121946106125,Floral Red Pink Our Little Ladybug 1st Birthday Invitation,121 people viewed this design
https://www.zazzle.com/cute_daisies_and_ladybugs_2nd_birthday_party_invitation-256792256597858122,Cute Daisies and Ladybugs 2nd Birthday Party Invitation,39 people viewed this design
https://www.zazzle.com/girl_frog_birthday_invitation_pink_pond_turtle-161305289299940567,Girl FROG birthday invitation pink pond turtle,3.4K people viewed this design
https://www.zazzle.com/our_little_lady_girl_1st_birthday_party_invitation-256641741465234767,Our Little Lady Girl 1st Birthday Party Invitation,1K people viewed this design
https://www.zazzle.com/little_ladybug_first_birthday_polka_dot_invitation-256357533162162292,Little Ladybug First Birthday Polka Dot Invitation,2.1K people viewed this design
https://www.zazzle.com/little_ladybug_1st_birthday_party_photo_invitation-256731910160208085,Little Ladybug 1st Birthday Party Photo Invitation,56 people viewed this design
https://www.zazzle.com/pink_ladybug_brown_hair_girl_first_birthday_invitation-256814072055452951,Pink Ladybug Brown Hair girl First Birthday Invitation,93 people viewed this design
https://www.zazzle.com/ladybug_birthday_invitation_country_birthday-256520191775025240,Ladybug Birthday Invitation | Country Birthday,506 people viewed this design
https://www.zazzle.com/one_lucky_lady_watercolor_ladybug_1st_birthday_invitation-256171582388324977,One Lucky Lady Watercolor Ladybug 1st Birthday Invitation,51 people viewed this design
https://www.zazzle.com/nature_insect_bugs_birthday_party_photo_invitation-256248186378279902,Nature Insect Bugs Birthday Party Photo  Invitation,33 people viewed this design
https://www.zazzle.com/pink_one_lucky_lady_watercolor_ladybug_birthday_invitation-256420067916057350,Pink One Lucky Lady Watercolor Ladybug  Birthday Invitation,60 people viewed this design
https://www.zazzle.com/our_little_ladybug_girl_1st_birthday_party_invitation-256594880586988225,Our Little Ladybug Girl 1st Birthday Party Invitation,292 people viewed this design
https://www.zazzle.com/cute_girly_whimsical_ladybug_3rd_birthday_invitation-256906628841386148,Cute Girly Whimsical LadyBug 3rd Birthday Invitation,
https://www.zazzle.com/polkadot_ladybug_daisy_brown_hair_first_birthday_invitation-256685118647100584,Polkadot Ladybug Daisy Brown Hair First Birthday Invitation,65 people viewed this design
https://www.zazzle.com/magical_watercolor_cute_birthday_girl_ladybug_invitation-256696003925256194,Magical Watercolor Cute Birthday Girl Ladybug Invitation,72 people viewed this design
https://www.zazzle.com/red_black_ladybug_frame_polka_dots_kids_birthday_invitation-256079269585451602,Red Black Ladybug Frame Polka Dots Kids Birthday  Invitation,26 people viewed this design
https://www.zazzle.com/little_ladybug_birthday_party_photo_invitation-256581386828971476,Little Ladybug Birthday Party Photo Invitation,263 people viewed this design
https://www.zazzle.com/little_love_bug_ladybug_girl_photo_1st_birthday_in_invitation-256336364310285863,Little Love Bug Ladybug Girl Photo 1st Birthday In Invitation,237 people viewed this design
https://www.zazzle.com/cute_watercolor_bugs_insects_girl_1st_birthday_invitation-256900398110137952,Cute Watercolor Bugs & Insects Girl 1st Birthday Invitation,121 people viewed this design
https://www.zazzle.com/little_love_bug_ladybug_girl_1st_birthday_invitati_invitation-256498807531275462,Little Love Bug Ladybug Girl 1st Birthday Invitati Invitation,2.5K people viewed this design
https://www.zazzle.com/little_ladybug_birthday_party_invitation-256490501504564677,Little Ladybug Birthday Party  Invitation,2.7K people viewed this design
https://www.zazzle.com/little_love_bug_pink_ladybug_1st_birthday_photo_invitation-256547230847568440,Little Love Bug Pink Ladybug 1st Birthday Photo Invitation,211 people viewed this design
https://www.zazzle.com/sweet_watercolor_ladybug_1st_birthday_party_invitation-256327230318295782,Sweet Watercolor Ladybug 1st Birthday Party Invitation,122 people viewed this design
https://www.zazzle.com/little_love_bug_light_pink_ladybug_1st_birthday_invitation-256660282203816258,Little Love Bug Light Pink Ladybug 1st Birthday Invitation,438 people viewed this design
https://www.zazzle.com/little_lady_ladybug_roses_girl_1st_birthday_invitation-256017032513819145,Little Lady Ladybug Roses Girl 1st Birthday Invitation,169 people viewed this design
https://www.zazzle.com/little_fun_guy_mushroom_bee_boy_1st_birthday_invitation-256828948158161503,Little Fun Guy Mushroom Bee Boy 1st Birthday Invitation,3K people viewed this design
https://www.zazzle.com/ladybug_1st_baby_girl_birthday_invitation-256198137914144875,Ladybug 1st Baby Girl Birthday Invitation,279 people viewed this design
https://www.zazzle.com/miraculous_ladybug_character_birthday_invitation-256449338549562764,Miraculous Ladybug Character Birthday Invitation,188 people viewed this design
https://www.zazzle.com/nature_insect_bugs_1st_birthday_party_invitation-256253259898257381,Nature Insect Bugs 1st Birthday Party  Invitation,131 people viewed this design
https://www.zazzle.com/ladybug_1st_baby_girl_birthday_invitation-256292250719003834,Ladybug 1st Baby Girl Birthday Invitation,2.4K people viewed this design
https://www.zazzle.com/one_cute_bug_ladybug_1st_birthday_party_photo_invitation-256605085113588431,ONE Cute Bug Ladybug 1st Birthday Party Photo Invitation,1.5K people viewed this design
https://www.zazzle.com/little_love_bug_ladybug_girl_1st_birthday_invitation-256146766350426783,Little Love Bug Ladybug Girl 1st Birthday Invitation,2K people viewed this design
https://www.zazzle.com/cute_bug_ladybug_buttefly_kids_1st_birthday_party_invitation-256534826840464534,Cute Bug Ladybug Buttefly Kids 1st Birthday Party Invitation,340 people viewed this design
https://www.zazzle.com/miraculous_ladybug_cat_noir_birthday_invitation-256040953025948651,Miraculous Ladybug & Cat Noir Birthday Invitation,7.2K people viewed this design
https://www.zazzle.com/whimsical_little_love_bug_ladybug_1st_birthday_invitation-256213326898533625,Whimsical Little Love Bug Ladybug 1st Birthday Invitation,288 people viewed this design
https://www.zazzle.com/little_lovebug_birthday_party_invitation-256221076192710433,Little Lovebug Birthday Party  Invitation,2K people viewed this design
https://www.zazzle.com/one_cute_bug_ladybug_1st_birthday_party_invitation-256429204365877268,ONE Cute Bug Ladybug 1st Birthday Party  Invitation,14.8K people viewed this design