link,title,created_on,views,tags
https://www.zazzle.com/dinosaur_birthday_invitation_editable_three_rex_3_invitation-256239054852971253,"Dinosaur Birthday Invitation, Editable Three Rex 3 Invitation",,,
https://www.zazzle.com/two_rex_cute_dinosaur_cartoon_2nd_birthday_party_invitation-256523785147308136,Two-Rex Cute Dinosaur Cartoon 2nd Birthday Party Invitation,,,
https://www.zazzle.com/boys_green_stomp_chomp_roar_dinosaur_1st_birthday_invitation-256489287202226620,Boys Green Stomp Chomp Roar Dinosaur 1st Birthday Invitation,,,
https://www.zazzle.com/boys_cute_jungle_dinosaur_kids_5th_birthday_invitation-256868507008028880,Boys Cute Jungle Dinosaur Kids 5th Birthday Invitation,,,
https://www.zazzle.com/two_rex_dinosaur_birthday_invitation-256036156154580878,Two-Rex Dinosaur Birthday Invitation,,,
https://www.zazzle.com/dinosaur_three_rex_boys_3rd_birthday_party_invitation-256469016193368717,Dinosaur Three-Rex Boy's 3rd Birthday Party Invitation,,,
https://www.zazzle.com/pastel_dinosaur_birthday_invitation_girl_three_rex-256515953594375157,Pastel Dinosaur Birthday Invitation Girl Three Rex,,,
https://www.zazzle.com/dinosaur_birthday_party_1st_birthday_first_birthda_invitation-256908369133459083,Dinosaur Birthday Party 1st Birthday First Birthda Invitation,,,
https://www.zazzle.com/roar_into_four_pink_dinosaur_4th_birthday_party_invitation-256777443211358503,Roar Into Four Pink Dinosaur 4th Birthday Party Invitation,,,
https://www.zazzle.com/boho_kids_dinosaur_theme_birthday_party_invitation-256488550434476682,Boho Kids Dinosaur Theme Birthday Party Invitation,,,
https://www.zazzle.com/rustic_green_dinosaur_three_rex_birthday_invitation-256051777769100964,Rustic Green Dinosaur Three Rex Birthday Invitation,,,
https://www.zazzle.com/dino_four_dinosaur_birthday_invitation-256799865760842576,Dino-Four Dinosaur Birthday Invitation,,,
https://www.zazzle.com/dino_party_cute_dinosaurs_first_birthday_invitation-256469868154935880,Dino Party Cute Dinosaurs First Birthday Invitation,,,
https://www.zazzle.com/dinosaur_tutu_threerex_girl_3rd_birthday_party_invitation-256392293461040589,Dinosaur Tutu ThreeRex Girl 3rd Birthday Party Invitation,,,
https://www.zazzle.com/dinosaur_three_rex_3rd_birthday_party_invitation-256305241517470272,Dinosaur Three Rex 3rd Birthday Party Invitation,,,
https://www.zazzle.com/blue_dinosaur_birthday_invitation-256173682421082182,Blue Dinosaur Birthday Invitation,,,
https://www.zazzle.com/pink_gold_dinosaur_safari_birthday_invitation-256282522330479514,Pink & Gold Dinosaur Safari Birthday Invitation,,,
https://www.zazzle.com/cool_dinosaurs_world_jurassic_greenery_birthday_invitation-256400303602087081,Cool Dinosaurs World Jurassic Greenery Birthday Invitation,,,
https://www.zazzle.com/three_rex_pink_dinosaur_girl_third_3rd_birthday_invitation-256637089858115249,Three-Rex Pink Dinosaur Girl Third 3rd Birthday Invitation,,,
https://www.zazzle.com/roar_into_four_boy_dinosaur_4th_birthday_party_invitation-256605006728188036,Roar Into Four Boy Dinosaur 4th Birthday Party Invitation,,,
https://www.zazzle.com/dinosaurs_jurassic_birthday_party_stomp_chomp_roar_invitation-256896056625793920,Dinosaurs Jurassic Birthday Party Stomp Chomp Roar Invitation,,,
https://www.zazzle.com/photo_two_rex_dinosaur_birthday_invitation-256795598446493141,Photo Two-Rex Dinosaur Birthday Invitation,,,
https://www.zazzle.com/dinosaur_stomp_chomp_rawr_1st_birthday_party_boy_invitation-256637571741288103,Dinosaur Stomp Chomp Rawr 1st Birthday Party Boy Invitation,,,
https://www.zazzle.com/cute_dinosaur_cartoon_three_rex_3rd_birthday_party_invitation-256166230803930988,Cute Dinosaur Cartoon Three-Rex 3rd Birthday Party Invitation,,,
https://www.zazzle.com/boy_three_rex_dinosaur_birthday_invitation-256233345277279450,Boy Three-Rex Dinosaur Birthday Invitation,,,
https://www.zazzle.com/dinosaur_three_rex_boy_birthday_party_invitation-256344860549238552,Dinosaur Three-Rex Boy Birthday Party Invitation,,,
https://www.zazzle.com/blue_orange_one_dino_mite_dinosaur_1st_birthday_invitation-256175410532502144,Blue Orange One Dino Mite Dinosaur 1st Birthday Invitation,,,
https://www.zazzle.com/dinosaur_monster_truck_invitation-256929009025690578,Dinosaur monster truck Invitation,,,
https://www.zazzle.com/dinosaur_kids_birthday_dino_trex_chalkboard_boy_invitation-256316711622673123,Dinosaur Kids Birthday Dino Trex Chalkboard Boy Invitation,,,
https://www.zazzle.com/roar_boy_three_rex_dinosaur_volcano_3rd_birthday_invitation-256082822362152752,Roar Boy Three-Rex Dinosaur Volcano 3rd Birthday Invitation,,,
https://www.zazzle.com/dinosaur_one_a_saurus_boy_1st_birthday_party_invitation-256952977744158829,Dinosaur One-A-Saurus Boy 1st Birthday Party Invitation,,,
https://www.zazzle.com/dinosaur_two_rex_birthday_invitation-256347585706763694,Dinosaur Two-Rex Birthday Invitation,,,
https://www.zazzle.com/cute_dinosaur_twin_boys_birthday_jurassic_party_invitation-256133991984419961,Cute Dinosaur Twin Boys Birthday Jurassic Party Invitation,,,
https://www.zazzle.com/jurassic_dino_ride_2_birthday_party_invitation-256990489280673260,Jurassic Dino Ride 2 Birthday Party Invitation,,,
https://www.zazzle.com/dinosaur_5th_birthday_party_invitation-256925667406472082,Dinosaur 5th Birthday Party invitation,,,
https://www.zazzle.com/grandson_1st_birthday_dinosaur_dino_mite_card-256697391714083275,Grandson 1st Birthday Dinosaur Dino-Mite Card,,,
https://www.zazzle.com/three_rex_dinosaur_birthday_invitation-256163275644226059,Three Rex Dinosaur Birthday Invitation,,,
https://www.zazzle.com/girls_dinosaur_2nd_birthday_party_cute_pink_dino_invitation-256602908692900777,Girls Dinosaur 2nd Birthday Party Cute Pink Dino Invitation,,,
https://www.zazzle.com/boy_blue_dinosaur_2nd_birthday_invitation-256441207092614513,Boy Blue Dinosaur 2nd Birthday Invitation,,,
https://www.zazzle.com/blue_boy_dinosaur_boho_4th_birthday_invitation-256331926243024435,Blue Boy Dinosaur Boho 4th Birthday Invitation,,,
https://www.zazzle.com/cool_dinosaurs_jurassic_greenery_roarsome_birthday_invitation-256247679818659581,Cool Dinosaurs Jurassic Greenery Roarsome Birthday Invitation,,,
https://www.zazzle.com/pink_dinosaur_three_rex_girl_birthday_invitation-256927345767658940,Pink Dinosaur Three Rex GIRL Birthday Invitation,,,
https://www.zazzle.com/photo_three_rex_dinosaur_birthday_invitation-256387865335146349,Photo Three-Rex Dinosaur Birthday Invitation,,,
https://www.zazzle.com/dinosaur_birthday_invitation_editable_dinosaur_2nd_invitation-256378585882387165,"Dinosaur Birthday Invitation,EDITABLE Dinosaur 2nd Invitation",,,
https://www.zazzle.com/dinosaur_three_rex_3rd_birthday_party_invitation-256448424659768538,Dinosaur Three Rex 3rd Birthday Party Invitation,,,
https://www.zazzle.com/dinosaurs_dino_four_boy_4th_birthday_invitation_4-256331592161881030,Dinosaurs DINO FOUR boy 4th birthday invitation 4,,,
https://www.zazzle.com/dino_four_dinosaur_birthday_invitation-256878157151032002,Dino-Four Dinosaur Birthday Invitation,,,
https://www.zazzle.com/dinosaur_roar_is_turning_four_boys_4th_birthday_invitation-256462479575040193,Dinosaur Roar .. is turning Four Boys 4th Birthday Invitation,,,
https://www.zazzle.com/cute_pink_green_girls_dinosaur_1st_birthday_invitation-256326616637591478,Cute Pink Green Girls Dinosaur 1st Birthday Invitation,,,
https://www.zazzle.com/dinosaur_three_rex_3rd_birthday_party_invitation-256590183047092947,Dinosaur Three Rex 3rd Birthday Party Invitation,,,
https://www.zazzle.com/stomp_chomp_and_roar_dinosaurs_birthday_party_invitation-256071998802798552,"Stomp, Chomp and Roar! Dinosaurs Birthday Party Invitation",,,
https://www.zazzle.com/photo_cute_dinosaurs_stomp_chomp_roar_boy_birthday_invitation-256489557857279883,Photo Cute Dinosaurs Stomp Chomp Roar Boy Birthday Invitation,,,
https://www.zazzle.com/wild_three_dino_party_girl_pink_dinosaur_birthday_invitation-256338940313849482,Wild Three Dino Party Girl Pink Dinosaur Birthday Invitation,,,
https://www.zazzle.com/dinosaur_pink_birthday_invitation_editable_three_3-256400296408448557,Dinosaur Pink Birthday Invitation Editable Three 3,,,
https://www.zazzle.com/girly_three_rex_dinosaur_birthday_invitation-256024014247354909,Girly Three-Rex Dinosaur Birthday Invitation,,,
https://www.zazzle.com/dinosaur_third_birthday_invitation-256666456231158462,Dinosaur Third Birthday Invitation,,,
https://www.zazzle.com/three_rex_dinosaur_third_birthday_invitation-256177451812068657,Three Rex Dinosaur Third Birthday Invitation,,,
https://www.zazzle.com/boys_cute_dinosaur_dig_fossil_kids_6th_birthday_invitation-256952824027005729,Boys Cute Dinosaur Dig Fossil Kids 6th Birthday Invitation,,,
https://www.zazzle.com/dinosaur_one_a_saurus_1st_birthday_photo_invitation-256990345425084128,Dinosaur One-A-Saurus 1st Birthday Photo Invitation,,,
https://www.zazzle.com/cute_dinosaur_one_a_saurus_1st_birthday_party_invitation-256521541201066190,Cute Dinosaur One-A-Saurus 1st Birthday Party Invitation,,,
